{
  "dimentions": {
    "start_x": 126.5,
    "start_y": 77.5,
    "end_x": 178.75,
    "end_y": 99.25,
    "width": 52.25,
    "height": 21.75,
    "center_x": 26.125,
    "center_y": 10.875
  },
  "pins": {
    "sel": {
      "pos": [
        39.71249999999995,
        52.03125
      ]
    },
    "sclk": {
      "pos": [
        39.71249999999995,
        54.28125
      ]
    },
    "miso": {
      "pos": [
        39.71249999999995,
        56.53125
      ]
    },
    "mosi": {
      "pos": [
        39.71249999999995,
        58.78125
      ]
    },
    "intr": {
      "pos": [
        39.71249999999995,
        61.03125
      ]
    },
    "rst": {
      "pos": [
        39.71250000000008,
        81.67500000000003
      ]
    }
  },
  "powersignals": [
    "+3V3",
    "GND"
  ]
}