{
  "dimentions": {
    "start_x": 126.5,
    "start_y": 77.5,
    "end_x": 178.75,
    "end_y": 99.25,
    "width": 52.25,
    "height": 21.75,
    "center_x": 26.125,
    "center_y": 10.875
  },
  "pins": {
    "sel": {
      "pos": [
        35.09975000000002,
        49.530249999999974
      ]
    },
    "sclk": {
      "pos": [
        35.09975000000002,
        51.700249999999976
      ]
    },
    "miso": {
      "pos": [
        35.09975000000002,
        53.87024999999997
      ]
    },
    "mosi": {
      "pos": [
        35.09975000000002,
        56.04024999999997
      ]
    },
    "intr": {
      "pos": [
        35.09975000000002,
        58.210249999999974
      ]
    },
    "rst": {
      "pos": [
        40.362000000000045,
        77.035
      ]
    }
  },
  "powersignals": [
    "+3V3",
    "GND"
  ]
}