{
  "dimentions": {
    "start_x": 126.5,
    "start_y": 77.5,
    "end_x": 178.75,
    "end_y": 99.25,
    "width": 52.25,
    "height": 21.75,
    "center_x": 26.125,
    "center_y": 10.875
  },
  "pins": {
    "mosi": {
      "pos": [
        30.869999999999976,
        53.60249999999996
      ]
    },
    "miso": {
      "pos": [
        30.869999999999976,
        51.502499999999955
      ]
    },
    "sclk": {
      "pos": [
        30.869999999999976,
        49.402499999999954
      ]
    },
    "sel": {
      "pos": [
        30.869999999999976,
        47.30249999999995
      ]
    },
    "rst": {
      "pos": [
        41.05500000000003,
        72.87000000000003
      ]
    },
    "intr": {
      "pos": [
        30.869999999999976,
        55.70249999999996
      ]
    }
  },
  "powersignals": [
    "+3V3",
    "GND"
  ]
}