{
  "dimentions": {
    "start_x": 126.487084,
    "start_y": 77.5,
    "end_x": 178.75,
    "end_y": 99.346656,
    "width": 52.262916000000004,
    "height": 21.846655999999996,
    "center_x": 26.131458000000002,
    "center_y": 10.923327999999998
  },
  "pins": {
    "sel": {
      "pos": [
        7.8680554400000675,
        24.303999999999974
      ]
    },
    "sclk": {
      "pos": [
        7.8680554400000675,
        33.85199999999999
      ]
    },
    "miso": {
      "pos": [
        7.8680554400000675,
        61.193999999999974
      ]
    },
    "mosi": {
      "pos": [
        7.8680554400000675,
        70.74199999999999
      ]
    },
    "intr": {
      "pos": [
        35.155805440000044,
        58.210249999999974
      ]
    },
    "rst": {
      "pos": [
        40.41805544000007,
        77.035
      ]
    }
  },
  "node_type": null,
  "powersignals": [
    "+3V3",
    "GND"
  ]
}