{
  "dimentions": {
    "start_x": 126.5,
    "start_y": 77.5,
    "end_x": 178.75,
    "end_y": 99.25,
    "width": 52.25,
    "height": 21.75,
    "center_x": 26.125,
    "center_y": 10.875
  },
  "pins": {
    "sel": {
      "pos": [
        37.064999999999955,
        48.5625
      ]
    },
    "sclk": {
      "pos": [
        37.064999999999955,
        50.6625
      ]
    },
    "miso": {
      "pos": [
        37.064999999999955,
        52.7625
      ]
    },
    "mosi": {
      "pos": [
        37.064999999999955,
        54.862500000000004
      ]
    },
    "intr": {
      "pos": [
        37.064999999999955,
        56.962500000000006
      ]
    },
    "rst": {
      "pos": [
        37.065000000000076,
        76.23000000000003
      ]
    }
  },
  "powersignals": [
    "+3V3",
    "GND"
  ]
}