{
  "dimentions": {
    "start_x": 135.8,
    "start_y": 86.8,
    "end_x": 151.9,
    "end_y": 97.5,
    "width": 16.099999999999994,
    "height": 10.700000000000003,
    "center_x": 8.049999999999997,
    "center_y": 5.350000000000001
  },
  "pins": {
    "b": {
      "pos": [
        45.57,
        29.07800000000001
      ]
    },
    "z": {
      "pos": [
        56.42,
        29.07800000000001
      ]
    },
    "a": {
      "pos": [
        26.04,
        11.718000000000012
      ]
    }
  },
  "node_type": null,
  "powersignals": [
    "+5V",
    "GND",
    "+3V3"
  ]
}