{
  "dimentions": {
    "start_x": 141.9,
    "start_y": 87.25,
    "end_x": 176.0,
    "end_y": 117.5,
    "width": 34.099999999999994,
    "height": 30.25,
    "center_x": 17.049999999999997,
    "center_y": 15.125
  },
  "pins": {
    "dir": {
      "pos": [
        48.68999999999997,
        132.4125
      ]
    },
    "en": {
      "pos": [
        78.3225,
        132.4125
      ]
    },
    "step": {
      "pos": [
        19.530000000000015,
        132.4125
      ]
    }
  },
  "powersignals": [
    "GND",
    "F_GND",
    "+3V3",
    "F_24V",
    "F_5V"
  ]
}