{
  "dimentions": {
    "start_x": 141.9,
    "start_y": 87.25,
    "end_x": 176.0,
    "end_y": 117.5,
    "width": 34.099999999999994,
    "height": 30.25,
    "center_x": 17.049999999999997,
    "center_y": 15.125
  },
  "pins": {
    "dir": {
      "pos": [
        48.2607999999999,
        123.47299999999994
      ]
    },
    "en": {
      "pos": [
        76.83969999999992,
        123.47299999999994
      ]
    },
    "step": {
      "pos": [
        20.13759999999994,
        123.47299999999994
      ]
    }
  },
  "powersignals": [
    "+3V3",
    "GND",
    "F_GND",
    "F_24V",
    "F_5V"
  ]
}