{
  "dimentions": {
    "start_x": 141.9,
    "start_y": 87.25,
    "end_x": 176.0,
    "end_y": 117.5,
    "width": 34.099999999999994,
    "height": 30.25,
    "center_x": 17.049999999999997,
    "center_y": 15.125
  },
  "pins": {
    "step": {
      "pos": [
        20.74799999999999,
        115.39499999999998
      ]
    },
    "dir": {
      "pos": [
        47.96399999999995,
        115.39499999999998
      ]
    },
    "en": {
      "pos": [
        75.62099999999998,
        115.39499999999998
      ]
    }
  }
}