{
  "dimentions": {
    "start_x": 113.8,
    "start_y": 71.5,
    "end_x": 138.7,
    "end_y": 93.4,
    "width": 24.89999999999999,
    "height": 21.900000000000006,
    "center_x": 12.449999999999996,
    "center_y": 10.950000000000003
  },
  "pins": {
    "en": {
      "pos": [
        99.81999999999994,
        86.62640000000003
      ]
    },
    "step": {
      "pos": [
        88.58912160000004,
        22.766949939999993
      ]
    },
    "dir": {
      "pos": [
        88.73042332000003,
        11.118541839999992
      ]
    }
  },
  "node_type": null,
  "powersignals": [
    "+5V",
    "GND",
    "+3V3"
  ]
}