{
  "dimentions": {
    "start_x": 144.5,
    "start_y": 93.0,
    "end_x": 158.0,
    "end_y": 117.5,
    "width": 13.5,
    "height": 24.5,
    "center_x": 6.75,
    "center_y": 12.25
  },
  "pins": {
    "sda": {
      "pos": [
        27.719999999999978,
        95.34000000000002
      ]
    },
    "scl": {
      "pos": [
        31.080000000000027,
        89.46
      ]
    }
  },
  "powersignals": [
    "+5V",
    "GND",
    "F_5V",
    "F_GND",
    "+3V3"
  ]
}