{
  "dimentions": {
    "start_x": 144.5,
    "start_y": 93.0,
    "end_x": 158.0,
    "end_y": 117.5,
    "width": 13.5,
    "height": 24.5,
    "center_x": 6.75,
    "center_y": 12.25
  },
  "pins": {
    "sda": {
      "pos": [
        29.699999999999974,
        102.15
      ]
    },
    "scl": {
      "pos": [
        33.300000000000026,
        95.85
      ]
    }
  },
  "powersignals": [
    "GND",
    "F_GND",
    "+3V3",
    "F_5V",
    "+5V"
  ]
}