{
  "dimentions": {
    "start_x": 135.8,
    "start_y": 90.6,
    "end_x": 154.3,
    "end_y": 97.5,
    "width": 18.5,
    "height": 6.900000000000006,
    "center_x": 9.25,
    "center_y": 3.450000000000003
  },
  "pins": {
    "mosi": {
      "pos": [
        34.72,
        12.586000000000023
      ]
    },
    "miso": {
      "pos": [
        45.57,
        12.586000000000023
      ]
    },
    "sclk": {
      "pos": [
        56.42,
        12.586000000000023
      ]
    },
    "sel": {
      "pos": [
        67.27,
        12.586000000000023
      ]
    }
  },
  "node_type": null,
  "powersignals": [
    "+5V",
    "GND",
    "+3V3"
  ]
}