{
  "dimentions": {
    "start_x": 128.851,
    "start_y": 74.251,
    "end_x": 151.851,
    "end_y": 109.501,
    "width": 23.0,
    "height": 35.25,
    "center_x": 11.5,
    "center_y": 17.625
  },
  "pins": {
    "dir": {
      "pos": [
        46.2209999999999,
        127.16199999999998
      ]
    },
    "en": {
      "pos": [
        57.24459999999999,
        127.16199999999998
      ]
    },
    "step": {
      "pos": [
        35.19739999999994,
        127.16199999999998
      ]
    }
  },
  "powersignals": [
    "+5V",
    "GND"
  ]
}