{
  "dimentions": {
    "start_x": 128.851,
    "start_y": 74.251,
    "end_x": 151.851,
    "end_y": 109.501,
    "width": 23.0,
    "height": 35.25,
    "center_x": 11.5,
    "center_y": 17.625
  },
  "pins": {
    "step": {
      "pos": [
        35.32199999999999,
        118.75499999999997,
        [
          "2.05",
          "0.6"
        ]
      ]
    },
    "dir": {
      "pos": [
        45.98999999999995,
        118.75499999999997,
        [
          "2.05",
          "0.6"
        ]
      ]
    },
    "en": {
      "pos": [
        56.65799999999992,
        118.75499999999997,
        [
          "2.05",
          "0.6"
        ]
      ]
    }
  }
}