{
  "dimentions": {
    "start_x": 101.2645,
    "start_y": 70.6445,
    "end_x": 173.4735,
    "end_y": 98.6265,
    "width": 72.209,
    "height": 27.982,
    "center_x": 36.1045,
    "center_y": 13.991
  },
  "pins": {
    "38": {
      "pos": [
        8.017800000000026,
        111.55200000000002
      ]
    },
    "37": {
      "pos": [
        18.685799999999993,
        111.55200000000002
      ]
    },
    "36": {
      "pos": [
        29.35380000000002,
        111.55200000000002
      ]
    },
    "39": {
      "pos": [
        40.021799999999985,
        111.55200000000002
      ]
    },
    "25": {
      "pos": [
        50.68980000000001,
        111.55200000000002
      ]
    },
    "26": {
      "pos": [
        61.35780000000004,
        111.55200000000002
      ]
    },
    "27": {
      "pos": [
        72.0258,
        111.55200000000002
      ]
    },
    "28": {
      "pos": [
        82.69380000000004,
        111.55200000000002
      ]
    },
    "29": {
      "pos": [
        93.3618,
        111.55200000000002
      ]
    },
    "30": {
      "pos": [
        104.02980000000002,
        111.55200000000002
      ]
    },
    "33": {
      "pos": [
        114.6978,
        111.55200000000002
      ]
    },
    "34": {
      "pos": [
        125.36579999999996,
        111.55200000000002
      ]
    },
    "40": {
      "pos": [
        136.03380000000004,
        111.55200000000002
      ]
    },
    "35": {
      "pos": [
        146.70180000000002,
        111.55200000000002
      ]
    },
    "41": {
      "pos": [
        157.36979999999997,
        111.55200000000002
      ]
    },
    "42": {
      "pos": [
        168.03780000000006,
        111.55200000000002
      ]
    },
    "51": {
      "pos": [
        178.70580000000004,
        111.55200000000002
      ]
    },
    "53": {
      "pos": [
        189.3738,
        111.55200000000002
      ]
    },
    "54": {
      "pos": [
        200.04180000000008,
        111.55200000000002
      ]
    },
    "55": {
      "pos": [
        210.70980000000006,
        111.55200000000002
      ]
    },
    "56": {
      "pos": [
        221.37780000000004,
        111.55200000000002
      ]
    },
    "57": {
      "pos": [
        232.0458000000001,
        111.55200000000002
      ]
    },
    "68": {
      "pos": [
        242.71380000000008,
        111.55200000000002
      ]
    },
    "69": {
      "pos": [
        253.38180000000006,
        111.55200000000002
      ]
    },
    "32": {
      "pos": [
        232.0458000000001,
        15.540000000000013
      ]
    },
    "31": {
      "pos": [
        221.37780000000004,
        15.540000000000013
      ]
    },
    "49": {
      "pos": [
        210.70980000000006,
        15.540000000000013
      ]
    },
    "48": {
      "pos": [
        200.04180000000008,
        15.540000000000013
      ]
    },
    "70": {
      "pos": [
        178.70580000000004,
        15.540000000000013
      ]
    },
    "71": {
      "pos": [
        168.03780000000006,
        15.540000000000013
      ]
    },
    "72": {
      "pos": [
        157.36979999999997,
        15.540000000000013
      ]
    },
    "73": {
      "pos": [
        146.70180000000002,
        15.540000000000013
      ]
    },
    "74": {
      "pos": [
        136.03380000000004,
        15.540000000000013
      ]
    },
    "75": {
      "pos": [
        125.36579999999996,
        15.540000000000013
      ]
    },
    "76": {
      "pos": [
        114.6978,
        15.540000000000013
      ]
    },
    "77": {
      "pos": [
        104.02980000000002,
        15.540000000000013
      ]
    },
    "79": {
      "pos": [
        93.3618,
        15.540000000000013
      ]
    },
    "80": {
      "pos": [
        82.69380000000004,
        15.540000000000013
      ]
    },
    "81": {
      "pos": [
        72.0258,
        15.540000000000013
      ]
    },
    "82": {
      "pos": [
        61.35780000000004,
        15.540000000000013
      ]
    },
    "83": {
      "pos": [
        50.68980000000001,
        15.540000000000013
      ]
    },
    "84": {
      "pos": [
        40.02180000000005,
        15.540000000000013
      ]
    },
    "85": {
      "pos": [
        29.35380000000002,
        15.540000000000013
      ]
    },
    "86": {
      "pos": [
        18.685799999999993,
        15.540000000000013
      ]
    },
    "63": {
      "pos": [
        8.017800000000026,
        15.540000000000013
      ]
    }
  },
  "powersignals": []
}