{
  "dimentions": {
    "start_x": 100.7645,
    "start_y": 70.6445,
    "end_x": 173.4735,
    "end_y": 98.6265,
    "width": 72.709,
    "height": 27.982,
    "center_x": 36.3545,
    "center_y": 13.991
  },
  "pins": {
    "38": {
      "pos": [
        13.927060000000013,
        110.0624
      ]
    },
    "37": {
      "pos": [
        24.950660000000042,
        110.0624
      ]
    },
    "36": {
      "pos": [
        35.97426000000001,
        110.0624
      ]
    },
    "39": {
      "pos": [
        46.99786000000003,
        110.0624
      ]
    },
    "25": {
      "pos": [
        58.02146,
        110.0624
      ]
    },
    "26": {
      "pos": [
        69.04506000000002,
        110.0624
      ]
    },
    "27": {
      "pos": [
        80.06866,
        110.0624
      ]
    },
    "28": {
      "pos": [
        91.09226000000001,
        110.0624
      ]
    },
    "29": {
      "pos": [
        102.11585999999998,
        110.0624
      ]
    },
    "30": {
      "pos": [
        113.13946000000001,
        110.0624
      ]
    },
    "33": {
      "pos": [
        124.16306000000003,
        110.0624
      ]
    },
    "34": {
      "pos": [
        135.18666,
        110.0624
      ]
    },
    "40": {
      "pos": [
        146.21025999999998,
        110.0624
      ]
    },
    "35": {
      "pos": [
        157.23386000000005,
        110.0624
      ]
    },
    "41": {
      "pos": [
        168.25746,
        110.0624
      ]
    },
    "42": {
      "pos": [
        179.28106,
        110.0624
      ]
    },
    "51": {
      "pos": [
        190.30465999999996,
        110.0624
      ]
    },
    "53": {
      "pos": [
        201.32826000000003,
        110.0624
      ]
    },
    "54": {
      "pos": [
        212.35186,
        110.0624
      ]
    },
    "55": {
      "pos": [
        223.37545999999998,
        110.0624
      ]
    },
    "56": {
      "pos": [
        234.39906000000005,
        110.0624
      ]
    },
    "57": {
      "pos": [
        245.42266,
        110.0624
      ]
    },
    "68": {
      "pos": [
        256.44626,
        110.0624
      ]
    },
    "69": {
      "pos": [
        267.4698600000001,
        110.0624
      ]
    },
    "32": {
      "pos": [
        245.42266,
        10.85
      ]
    },
    "31": {
      "pos": [
        234.39906000000005,
        10.85
      ]
    },
    "49": {
      "pos": [
        223.37545999999998,
        10.85
      ]
    },
    "48": {
      "pos": [
        212.35186,
        10.85
      ]
    },
    "70": {
      "pos": [
        190.30465999999996,
        10.85
      ]
    },
    "71": {
      "pos": [
        179.28106,
        10.85
      ]
    },
    "72": {
      "pos": [
        168.25746,
        10.85
      ]
    },
    "73": {
      "pos": [
        157.23386000000005,
        10.85
      ]
    },
    "74": {
      "pos": [
        146.21025999999998,
        10.85
      ]
    },
    "75": {
      "pos": [
        135.18666,
        10.85
      ]
    },
    "76": {
      "pos": [
        124.16306000000003,
        10.85
      ]
    },
    "77": {
      "pos": [
        113.13946000000001,
        10.85
      ]
    },
    "79": {
      "pos": [
        102.11585999999998,
        10.85
      ]
    },
    "80": {
      "pos": [
        91.09226000000001,
        10.85
      ]
    },
    "81": {
      "pos": [
        80.06866000000005,
        10.85
      ]
    },
    "82": {
      "pos": [
        69.04506000000002,
        10.85
      ]
    },
    "83": {
      "pos": [
        58.02146,
        10.85
      ]
    },
    "84": {
      "pos": [
        46.99786000000003,
        10.85
      ]
    },
    "85": {
      "pos": [
        35.97426000000001,
        10.85
      ]
    },
    "86": {
      "pos": [
        24.950660000000042,
        10.85
      ]
    },
    "63": {
      "pos": [
        13.927060000000013,
        10.85
      ]
    }
  },
  "powersignals": []
}