{
  "dimentions": {
    "start_x": 101.2645,
    "start_y": 70.6445,
    "end_x": 173.4735,
    "end_y": 98.6265,
    "width": 72.209,
    "height": 27.982,
    "center_x": 36.1045,
    "center_y": 13.991
  },
  "pins": {
    "38": {
      "pos": [
        8.590500000000027,
        119.52000000000001
      ]
    },
    "37": {
      "pos": [
        20.02049999999999,
        119.52000000000001
      ]
    },
    "36": {
      "pos": [
        31.45050000000002,
        119.52000000000001
      ]
    },
    "39": {
      "pos": [
        42.880499999999984,
        119.52000000000001
      ]
    },
    "25": {
      "pos": [
        54.31050000000001,
        119.52000000000001
      ]
    },
    "26": {
      "pos": [
        65.74050000000004,
        119.52000000000001
      ]
    },
    "27": {
      "pos": [
        77.1705,
        119.52000000000001
      ]
    },
    "28": {
      "pos": [
        88.60050000000004,
        119.52000000000001
      ]
    },
    "29": {
      "pos": [
        100.03049999999999,
        119.52000000000001
      ]
    },
    "30": {
      "pos": [
        111.46050000000002,
        119.52000000000001
      ]
    },
    "33": {
      "pos": [
        122.89049999999999,
        119.52000000000001
      ]
    },
    "34": {
      "pos": [
        134.32049999999995,
        119.52000000000001
      ]
    },
    "40": {
      "pos": [
        145.75050000000005,
        119.52000000000001
      ]
    },
    "35": {
      "pos": [
        157.1805,
        119.52000000000001
      ]
    },
    "41": {
      "pos": [
        168.61049999999997,
        119.52000000000001
      ]
    },
    "42": {
      "pos": [
        180.04050000000007,
        119.52000000000001
      ]
    },
    "51": {
      "pos": [
        191.47050000000002,
        119.52000000000001
      ]
    },
    "53": {
      "pos": [
        202.9005,
        119.52000000000001
      ]
    },
    "54": {
      "pos": [
        214.3305000000001,
        119.52000000000001
      ]
    },
    "55": {
      "pos": [
        225.76050000000004,
        119.52000000000001
      ]
    },
    "56": {
      "pos": [
        237.19050000000001,
        119.52000000000001
      ]
    },
    "57": {
      "pos": [
        248.6205000000001,
        119.52000000000001
      ]
    },
    "68": {
      "pos": [
        260.05050000000006,
        119.52000000000001
      ]
    },
    "69": {
      "pos": [
        271.4805,
        119.52000000000001
      ]
    },
    "32": {
      "pos": [
        248.6205000000001,
        16.650000000000013
      ]
    },
    "31": {
      "pos": [
        237.19050000000001,
        16.650000000000013
      ]
    },
    "49": {
      "pos": [
        225.76050000000004,
        16.650000000000013
      ]
    },
    "48": {
      "pos": [
        214.3305000000001,
        16.650000000000013
      ]
    },
    "70": {
      "pos": [
        191.47050000000002,
        16.650000000000013
      ]
    },
    "71": {
      "pos": [
        180.04050000000007,
        16.650000000000013
      ]
    },
    "72": {
      "pos": [
        168.61049999999997,
        16.650000000000013
      ]
    },
    "73": {
      "pos": [
        157.1805,
        16.650000000000013
      ]
    },
    "74": {
      "pos": [
        145.75050000000005,
        16.650000000000013
      ]
    },
    "75": {
      "pos": [
        134.32049999999995,
        16.650000000000013
      ]
    },
    "76": {
      "pos": [
        122.89049999999999,
        16.650000000000013
      ]
    },
    "77": {
      "pos": [
        111.46050000000002,
        16.650000000000013
      ]
    },
    "79": {
      "pos": [
        100.03049999999999,
        16.650000000000013
      ]
    },
    "80": {
      "pos": [
        88.60050000000004,
        16.650000000000013
      ]
    },
    "81": {
      "pos": [
        77.1705,
        16.650000000000013
      ]
    },
    "82": {
      "pos": [
        65.74050000000004,
        16.650000000000013
      ]
    },
    "83": {
      "pos": [
        54.31050000000001,
        16.650000000000013
      ]
    },
    "84": {
      "pos": [
        42.88050000000005,
        16.650000000000013
      ]
    },
    "85": {
      "pos": [
        31.45050000000002,
        16.650000000000013
      ]
    },
    "86": {
      "pos": [
        20.02049999999999,
        16.650000000000013
      ]
    },
    "63": {
      "pos": [
        8.590500000000027,
        16.650000000000013
      ]
    }
  },
  "powersignals": []
}