{
  "dimentions": {
    "start_x": 104.648,
    "start_y": 70.104,
    "end_x": 124.206,
    "end_y": 113.792,
    "width": 19.558000000000007,
    "height": 43.688,
    "center_x": 9.779000000000003,
    "center_y": 21.844
  },
  "pins": {
    "P5": {
      "pos": [
        7.419230000000024,
        84.92945999999995
      ]
    },
    "P6": {
      "pos": [
        7.419230000000024,
        87.75045999999998
      ]
    },
    "P7": {
      "pos": [
        7.419230000000024,
        90.57146
      ]
    },
    "P8": {
      "pos": [
        7.419230000000024,
        93.39245999999996
      ]
    },
    "P9": {
      "pos": [
        7.419230000000024,
        96.21345999999998
      ]
    },
    "P1": {
      "pos": [
        7.716520000000025,
        36.73375999999999
      ]
    },
    "P14": {
      "pos": [
        7.716520000000025,
        39.554760000000016
      ]
    },
    "P2": {
      "pos": [
        7.716520000000025,
        42.37576000000004
      ]
    },
    "P15": {
      "pos": [
        7.716520000000025,
        45.196760000000005
      ]
    },
    "P3": {
      "pos": [
        7.716520000000025,
        48.01776000000003
      ]
    },
    "P16": {
      "pos": [
        7.716520000000025,
        50.83875999999999
      ]
    },
    "P4": {
      "pos": [
        7.716520000000025,
        53.65976000000002
      ]
    },
    "P17": {
      "pos": [
        7.716520000000025,
        59.30176
      ]
    },
    "P10": {
      "pos": [
        7.716520000000025,
        132.37867999999997
      ]
    },
    "P11": {
      "pos": [
        7.716520000000025,
        135.19968
      ]
    },
    "P12": {
      "pos": [
        7.716520000000025,
        138.02068000000003
      ]
    },
    "P13": {
      "pos": [
        7.716520000000025,
        140.84168
      ]
    }
  },
  "node_type": "db25",
  "powersignals": []
}