{
  "dimentions": {
    "start_x": 104.0,
    "start_y": 73.5,
    "end_x": 123.75,
    "end_y": 107.0,
    "width": 19.75,
    "height": 33.5,
    "center_x": 9.875,
    "center_y": 16.75
  },
  "pins": {
    "rx": {
      "pos": [
        37.211999999999996,
        127.99499999999998
      ]
    },
    "tx": {
      "pos": [
        42.545999999999985,
        127.99499999999998
      ]
    }
  },
  "powersignals": [
    "F_5V",
    "GND",
    "F_24V",
    "F_GND",
    "+3V3"
  ]
}