{
  "dimentions": {
    "start_x": 104.0,
    "start_y": 73.5,
    "end_x": 123.75,
    "end_y": 107.0,
    "width": 19.75,
    "height": 33.5,
    "center_x": 9.875,
    "center_y": 16.75
  },
  "pins": {
    "rx": {
      "pos": [
        37.16999999999996,
        145.9125
      ]
    },
    "tx": {
      "pos": [
        42.88499999999994,
        145.9125
      ]
    }
  },
  "powersignals": [
    "GND",
    "F_GND",
    "+3V3",
    "F_24V",
    "F_5V"
  ]
}