{
  "dimentions": {
    "start_x": 126.9,
    "start_y": 72.8,
    "end_x": 150.4,
    "end_y": 129.3,
    "width": 23.5,
    "height": 56.500000000000014,
    "center_x": 11.75,
    "center_y": 28.250000000000007
  },
  "pins": {
    "2": {
      "pos": [
        8.766800000000044,
        47.1324
      ]
    },
    "3": {
      "pos": [
        8.766800000000044,
        58.15600000000002
      ]
    },
    "4": {
      "pos": [
        8.766800000000044,
        69.17960000000005
      ]
    },
    "5": {
      "pos": [
        8.766800000000044,
        80.20320000000001
      ]
    },
    "6": {
      "pos": [
        8.766800000000044,
        102.25040000000001
      ]
    },
    "7": {
      "pos": [
        8.766800000000044,
        113.27400000000003
      ]
    },
    "8": {
      "pos": [
        8.766800000000044,
        124.2976
      ]
    },
    "9": {
      "pos": [
        8.766800000000044,
        135.32120000000003
      ]
    },
    "10": {
      "pos": [
        8.766800000000044,
        157.3684
      ]
    },
    "11": {
      "pos": [
        8.766800000000044,
        168.392
      ]
    },
    "12": {
      "pos": [
        8.766800000000044,
        179.4156
      ]
    },
    "13": {
      "pos": [
        8.766800000000044,
        190.43920000000003
      ]
    },
    "14": {
      "pos": [
        8.766800000000044,
        212.48640000000003
      ]
    },
    "15": {
      "pos": [
        8.766800000000044,
        223.51
      ]
    },
    "16": {
      "pos": [
        92.87600000000002,
        223.51
      ]
    },
    "17": {
      "pos": [
        92.87600000000002,
        212.48640000000003
      ]
    },
    "18": {
      "pos": [
        92.87600000000002,
        190.43920000000003
      ]
    },
    "19": {
      "pos": [
        92.87600000000002,
        179.4156
      ]
    },
    "20": {
      "pos": [
        92.87600000000002,
        168.392
      ]
    },
    "21": {
      "pos": [
        92.87600000000002,
        157.3684
      ]
    },
    "22": {
      "pos": [
        92.87600000000002,
        135.32120000000003
      ]
    },
    "26": {
      "pos": [
        92.87600000000002,
        113.27400000000003
      ]
    },
    "27": {
      "pos": [
        92.87600000000002,
        102.25040000000001
      ]
    },
    "28": {
      "pos": [
        92.87600000000002,
        80.20320000000001
      ]
    }
  },
  "node_type": "pico",
  "powersignals": []
}