{
  "dimentions": {
    "start_x": 104.0,
    "start_y": 73.5,
    "end_x": 123.75,
    "end_y": 107.0,
    "width": 19.75,
    "height": 33.5,
    "center_x": 9.875,
    "center_y": 16.75
  },
  "pins": {
    "rx": {
      "pos": [
        34.691999999999965,
        136.185
      ]
    },
    "tx": {
      "pos": [
        40.02599999999995,
        136.185
      ]
    }
  },
  "powersignals": [
    "+3V3",
    "GND",
    "F_24V",
    "F_GND",
    "F_5V"
  ]
}