{
  "dimentions": {
    "start_x": 126.5,
    "start_y": 73.451,
    "end_x": 155.75,
    "end_y": 110.5,
    "width": 29.25,
    "height": 37.04900000000001,
    "center_x": 14.625,
    "center_y": 18.524500000000003
  },
  "pins": {},
  "powersignals": [
    "+5V",
    "GND",
    "F_5V",
    "F_GND"
  ]
}