{
  "dimentions": {
    "start_x": 134.25,
    "start_y": 103.0,
    "end_x": 179.5,
    "end_y": 154.5,
    "width": 45.25,
    "height": 51.5,
    "center_x": 22.625,
    "center_y": 25.75
  },
  "pins": {
    "GND": {
      "pos": [
        148.5,
        71.88750000000005
      ]
    },
    "A2": {
      "pos": [
        22.635000000000005,
        11.25
      ]
    },
    "A3": {
      "pos": [
        34.06499999999997,
        11.25
      ]
    },
    "A8": {
      "pos": [
        85.5,
        11.25
      ]
    },
    "B1": {
      "pos": [
        16.91999999999996,
        11.25
      ]
    },
    "B2": {
      "pos": [
        28.349999999999923,
        11.25
      ]
    },
    "C1": {
      "pos": [
        16.875,
        18.0
      ]
    },
    "C2": {
      "pos": [
        16.875,
        23.714999999999982
      ]
    },
    "C4": {
      "pos": [
        83.65500000000002,
        65.42999999999996
      ]
    },
    "C14": {
      "pos": [
        119.65500000000002,
        65.42999999999996
      ]
    },
    "D1": {
      "pos": [
        16.875,
        29.430000000000028
      ]
    },
    "D14": {
      "pos": [
        119.65500000000002,
        69.02999999999994
      ]
    },
    "E1": {
      "pos": [
        16.875,
        35.14500000000001
      ]
    },
    "E2": {
      "pos": [
        16.875,
        40.85999999999999
      ]
    },
    "E14": {
      "pos": [
        119.65500000000002,
        72.63
      ]
    },
    "E15": {
      "pos": [
        183.375,
        35.14500000000001
      ]
    },
    "F1": {
      "pos": [
        16.875,
        46.574999999999974
      ]
    },
    "F2": {
      "pos": [
        16.875,
        52.29000000000002
      ]
    },
    "F15": {
      "pos": [
        183.375,
        46.574999999999974
      ]
    },
    "F16": {
      "pos": [
        183.375,
        52.29000000000002
      ]
    },
    "G2": {
      "pos": [
        16.875,
        63.719999999999985
      ]
    },
    "G15": {
      "pos": [
        183.375,
        58.005
      ]
    },
    "G16": {
      "pos": [
        183.375,
        63.719999999999985
      ]
    },
    "J1": {
      "pos": [
        16.875,
        75.15
      ]
    },
    "J2": {
      "pos": [
        16.875,
        80.865
      ]
    },
    "J15": {
      "pos": [
        183.375,
        75.15
      ]
    },
    "J16": {
      "pos": [
        183.375,
        80.865
      ]
    },
    "K1": {
      "pos": [
        16.875,
        86.57999999999998
      ]
    },
    "K2": {
      "pos": [
        16.875,
        92.29500000000002
      ]
    },
    "K15": {
      "pos": [
        183.375,
        86.57999999999998
      ]
    },
    "L2": {
      "pos": [
        16.875,
        98.01
      ]
    },
    "L15": {
      "pos": [
        183.375,
        98.01
      ]
    },
    "L16": {
      "pos": [
        183.375,
        103.725
      ]
    },
    "M1": {
      "pos": [
        16.875,
        103.725
      ]
    },
    "M2": {
      "pos": [
        16.875,
        109.43999999999997
      ]
    },
    "M15": {
      "pos": [
        183.375,
        109.43999999999997
      ]
    },
    "M16": {
      "pos": [
        183.375,
        115.15500000000002
      ]
    },
    "N14": {
      "pos": [
        119.65500000000002,
        101.42999999999996
      ]
    },
    "N16": {
      "pos": [
        183.375,
        120.87000000000006
      ]
    },
    "P1": {
      "pos": [
        16.875,
        115.15500000000002
      ]
    },
    "P2": {
      "pos": [
        16.875,
        120.87000000000006
      ]
    },
    "P13": {
      "pos": [
        183.375,
        166.59000000000003
      ]
    },
    "P14": {
      "pos": [
        119.65500000000002,
        105.02999999999994
      ]
    },
    "P15": {
      "pos": [
        183.375,
        126.58499999999998
      ]
    },
    "P16": {
      "pos": [
        183.375,
        132.3
      ]
    },
    "R1": {
      "pos": [
        16.875,
        126.58499999999998
      ]
    },
    "R14": {
      "pos": [
        183.375,
        155.15999999999997
      ]
    },
    "R15": {
      "pos": [
        183.375,
        138.01500000000007
      ]
    },
    "R16": {
      "pos": [
        183.375,
        143.73
      ]
    },
    "T14": {
      "pos": [
        183.375,
        160.875
      ]
    },
    "T15": {
      "pos": [
        183.375,
        149.44500000000005
      ]
    }
  },
  "powersignals": [
    "+3V3",
    "GND",
    "+5V"
  ]
}