{
  "dimentions": {
    "start_x": 134.25,
    "start_y": 103.0,
    "end_x": 179.5,
    "end_y": 154.5,
    "width": 45.25,
    "height": 51.5,
    "center_x": 22.625,
    "center_y": 25.75
  },
  "pins": {
    "GND": {
      "pos": [
        145.39,
        72.47800000000001
      ]
    },
    "A2": {
      "pos": [
        24.000200000000003,
        8.68
      ]
    },
    "A3": {
      "pos": [
        35.023799999999966,
        8.68
      ]
    },
    "A8": {
      "pos": [
        84.63,
        8.68
      ]
    },
    "B1": {
      "pos": [
        18.48839999999996,
        8.68
      ]
    },
    "B2": {
      "pos": [
        29.511999999999926,
        8.68
      ]
    },
    "C1": {
      "pos": [
        18.445,
        19.53
      ]
    },
    "C2": {
      "pos": [
        18.445,
        25.04179999999998
      ]
    },
    "C4": {
      "pos": [
        81.375,
        63.79799999999995
      ]
    },
    "C14": {
      "pos": [
        116.095,
        63.79799999999995
      ]
    },
    "D1": {
      "pos": [
        18.445,
        30.553600000000028
      ]
    },
    "D14": {
      "pos": [
        116.095,
        67.27
      ]
    },
    "E1": {
      "pos": [
        18.445,
        36.06540000000001
      ]
    },
    "E2": {
      "pos": [
        18.445,
        41.57719999999999
      ]
    },
    "E14": {
      "pos": [
        116.095,
        70.74199999999999
      ]
    },
    "E15": {
      "pos": [
        179.025,
        36.06540000000001
      ]
    },
    "F1": {
      "pos": [
        18.445,
        47.08899999999998
      ]
    },
    "F2": {
      "pos": [
        18.445,
        52.60080000000002
      ]
    },
    "F15": {
      "pos": [
        179.025,
        47.08899999999998
      ]
    },
    "F16": {
      "pos": [
        179.025,
        52.60080000000002
      ]
    },
    "G2": {
      "pos": [
        18.445,
        63.62439999999998
      ]
    },
    "G15": {
      "pos": [
        179.025,
        58.1126
      ]
    },
    "G16": {
      "pos": [
        179.025,
        63.62439999999998
      ]
    },
    "J1": {
      "pos": [
        18.445,
        74.64800000000001
      ]
    },
    "J2": {
      "pos": [
        18.445,
        80.15979999999999
      ]
    },
    "J15": {
      "pos": [
        179.025,
        74.64800000000001
      ]
    },
    "J16": {
      "pos": [
        179.025,
        80.15979999999999
      ]
    },
    "K1": {
      "pos": [
        18.445,
        85.67159999999997
      ]
    },
    "K2": {
      "pos": [
        18.445,
        91.18340000000002
      ]
    },
    "K15": {
      "pos": [
        179.025,
        85.67159999999997
      ]
    },
    "L2": {
      "pos": [
        18.445,
        96.6952
      ]
    },
    "L15": {
      "pos": [
        179.025,
        96.6952
      ]
    },
    "L16": {
      "pos": [
        179.025,
        102.20699999999998
      ]
    },
    "M1": {
      "pos": [
        18.445,
        102.20699999999998
      ]
    },
    "M2": {
      "pos": [
        18.445,
        107.71879999999997
      ]
    },
    "M15": {
      "pos": [
        179.025,
        107.71879999999997
      ]
    },
    "M16": {
      "pos": [
        179.025,
        113.23060000000001
      ]
    },
    "N14": {
      "pos": [
        116.095,
        98.51799999999994
      ]
    },
    "N16": {
      "pos": [
        179.025,
        118.74240000000006
      ]
    },
    "P1": {
      "pos": [
        18.445,
        113.23060000000001
      ]
    },
    "P2": {
      "pos": [
        18.445,
        118.74240000000006
      ]
    },
    "P13": {
      "pos": [
        179.025,
        162.83680000000004
      ]
    },
    "P14": {
      "pos": [
        116.095,
        101.99
      ]
    },
    "P15": {
      "pos": [
        179.025,
        124.25419999999998
      ]
    },
    "P16": {
      "pos": [
        179.025,
        129.76600000000002
      ]
    },
    "R1": {
      "pos": [
        18.445,
        124.25419999999998
      ]
    },
    "R14": {
      "pos": [
        179.025,
        151.81319999999994
      ]
    },
    "R15": {
      "pos": [
        179.025,
        135.27780000000007
      ]
    },
    "R16": {
      "pos": [
        179.025,
        140.78959999999998
      ]
    },
    "T14": {
      "pos": [
        179.025,
        157.325
      ]
    },
    "T15": {
      "pos": [
        179.025,
        146.30140000000003
      ]
    }
  },
  "powersignals": [
    "+3V3",
    "+5V",
    "GND"
  ]
}