{
  "dimentions": {
    "start_x": 60.337354,
    "start_y": 102.25,
    "end_x": 254.25,
    "end_y": 168.25,
    "width": 193.912646,
    "height": 66.0,
    "center_x": 96.956323,
    "center_y": 33.0
  },
  "pins": {
    "GND": {
      "pos": [
        466.17088363999994,
        75.733
      ]
    },
    "A2": {
      "pos": [
        344.78108363999996,
        11.934999999999999
      ]
    },
    "A3": {
      "pos": [
        355.80468363999995,
        11.934999999999999
      ]
    },
    "A8": {
      "pos": [
        405.41088363999995,
        11.934999999999999
      ]
    },
    "B1": {
      "pos": [
        339.2692836399999,
        11.934999999999999
      ]
    },
    "B2": {
      "pos": [
        350.2928836399999,
        11.934999999999999
      ]
    },
    "C1": {
      "pos": [
        339.22588363999995,
        22.785
      ]
    },
    "C2": {
      "pos": [
        339.22588363999995,
        28.296799999999983
      ]
    },
    "C4": {
      "pos": [
        402.15588363999996,
        67.05299999999995
      ]
    },
    "C14": {
      "pos": [
        436.87588364,
        67.05299999999995
      ]
    },
    "D1": {
      "pos": [
        339.22588363999995,
        33.80860000000003
      ]
    },
    "D14": {
      "pos": [
        436.87588364,
        70.52499999999999
      ]
    },
    "E1": {
      "pos": [
        339.22588363999995,
        39.32040000000001
      ]
    },
    "E2": {
      "pos": [
        339.22588363999995,
        44.83219999999999
      ]
    },
    "E14": {
      "pos": [
        436.87588364,
        73.99699999999999
      ]
    },
    "E15": {
      "pos": [
        499.80588364,
        39.32040000000001
      ]
    },
    "F1": {
      "pos": [
        339.22588363999995,
        50.34399999999997
      ]
    },
    "F2": {
      "pos": [
        339.22588363999995,
        55.855800000000016
      ]
    },
    "F15": {
      "pos": [
        499.80588364,
        50.34399999999997
      ]
    },
    "F16": {
      "pos": [
        499.80588364,
        55.855800000000016
      ]
    },
    "G2": {
      "pos": [
        339.22588363999995,
        66.87939999999999
      ]
    },
    "G15": {
      "pos": [
        499.80588364,
        61.3676
      ]
    },
    "G16": {
      "pos": [
        499.80588364,
        66.87939999999999
      ]
    },
    "J1": {
      "pos": [
        339.22588363999995,
        77.903
      ]
    },
    "J2": {
      "pos": [
        339.22588363999995,
        83.41479999999999
      ]
    },
    "J15": {
      "pos": [
        499.80588364,
        77.903
      ]
    },
    "J16": {
      "pos": [
        499.80588364,
        83.41479999999999
      ]
    },
    "K1": {
      "pos": [
        339.22588363999995,
        88.92659999999998
      ]
    },
    "K2": {
      "pos": [
        339.22588363999995,
        94.43840000000002
      ]
    },
    "K15": {
      "pos": [
        499.80588364,
        88.92659999999998
      ]
    },
    "L2": {
      "pos": [
        339.22588363999995,
        99.9502
      ]
    },
    "L15": {
      "pos": [
        499.80588364,
        99.9502
      ]
    },
    "L16": {
      "pos": [
        499.80588364,
        105.46199999999999
      ]
    },
    "M1": {
      "pos": [
        339.22588363999995,
        105.46199999999999
      ]
    },
    "M2": {
      "pos": [
        339.22588363999995,
        110.97379999999997
      ]
    },
    "M15": {
      "pos": [
        499.80588364,
        110.97379999999997
      ]
    },
    "M16": {
      "pos": [
        499.80588364,
        116.4856
      ]
    },
    "N14": {
      "pos": [
        436.87588364,
        101.77299999999995
      ]
    },
    "N16": {
      "pos": [
        499.80588364,
        121.99740000000006
      ]
    },
    "P1": {
      "pos": [
        339.22588363999995,
        116.4856
      ]
    },
    "P2": {
      "pos": [
        339.22588363999995,
        121.99740000000006
      ]
    },
    "P13": {
      "pos": [
        499.80588364,
        166.09180000000003
      ]
    },
    "P14": {
      "pos": [
        436.87588364,
        105.24499999999999
      ]
    },
    "P15": {
      "pos": [
        499.80588364,
        127.50919999999998
      ]
    },
    "P16": {
      "pos": [
        499.80588364,
        133.02100000000002
      ]
    },
    "R1": {
      "pos": [
        339.22588363999995,
        127.50919999999998
      ]
    },
    "R14": {
      "pos": [
        499.80588364,
        155.06819999999996
      ]
    },
    "R15": {
      "pos": [
        499.80588364,
        138.53280000000007
      ]
    },
    "R16": {
      "pos": [
        499.80588364,
        144.04459999999997
      ]
    },
    "T14": {
      "pos": [
        499.80588364,
        160.57999999999998
      ]
    },
    "T15": {
      "pos": [
        499.80588364,
        149.55640000000002
      ]
    }
  },
  "node_type": "ECP5-256",
  "powersignals": [
    "+3V3",
    "+5V",
    "GND"
  ]
}