{
  "dimentions": {
    "start_x": 134.25,
    "start_y": 103.0,
    "end_x": 179.5,
    "end_y": 154.5,
    "width": 45.25,
    "height": 51.5,
    "center_x": 22.625,
    "center_y": 25.75
  },
  "pins": {
    "GND": {
      "pos": [
        138.6,
        67.09500000000004
      ]
    },
    "A2": {
      "pos": [
        21.126000000000005,
        10.5
      ]
    },
    "A3": {
      "pos": [
        31.793999999999972,
        10.5
      ]
    },
    "A8": {
      "pos": [
        79.8,
        10.5
      ]
    },
    "B1": {
      "pos": [
        15.791999999999963,
        10.5
      ]
    },
    "B2": {
      "pos": [
        26.45999999999993,
        10.5
      ]
    },
    "C1": {
      "pos": [
        15.75,
        16.8
      ]
    },
    "C2": {
      "pos": [
        15.75,
        22.133999999999983
      ]
    },
    "C4": {
      "pos": [
        78.07800000000002,
        61.06799999999997
      ]
    },
    "C14": {
      "pos": [
        111.67800000000003,
        61.06799999999997
      ]
    },
    "D1": {
      "pos": [
        15.75,
        27.46800000000003
      ]
    },
    "D14": {
      "pos": [
        111.67800000000003,
        64.42799999999995
      ]
    },
    "E1": {
      "pos": [
        15.75,
        32.802000000000014
      ]
    },
    "E2": {
      "pos": [
        15.75,
        38.135999999999996
      ]
    },
    "E14": {
      "pos": [
        111.67800000000003,
        67.78800000000001
      ]
    },
    "E15": {
      "pos": [
        171.15,
        32.802000000000014
      ]
    },
    "F1": {
      "pos": [
        15.75,
        43.46999999999998
      ]
    },
    "F2": {
      "pos": [
        15.75,
        48.80400000000002
      ]
    },
    "F15": {
      "pos": [
        171.15,
        43.46999999999998
      ]
    },
    "F16": {
      "pos": [
        171.15,
        48.80400000000002
      ]
    },
    "G2": {
      "pos": [
        15.75,
        59.47199999999999
      ]
    },
    "G15": {
      "pos": [
        171.15,
        54.138000000000005
      ]
    },
    "G16": {
      "pos": [
        171.15,
        59.47199999999999
      ]
    },
    "J1": {
      "pos": [
        15.75,
        70.14000000000001
      ]
    },
    "J2": {
      "pos": [
        15.75,
        75.474
      ]
    },
    "J15": {
      "pos": [
        171.15,
        70.14000000000001
      ]
    },
    "J16": {
      "pos": [
        171.15,
        75.474
      ]
    },
    "K1": {
      "pos": [
        15.75,
        80.80799999999998
      ]
    },
    "K2": {
      "pos": [
        15.75,
        86.14200000000002
      ]
    },
    "K15": {
      "pos": [
        171.15,
        80.80799999999998
      ]
    },
    "L2": {
      "pos": [
        15.75,
        91.47600000000001
      ]
    },
    "L15": {
      "pos": [
        171.15,
        91.47600000000001
      ]
    },
    "L16": {
      "pos": [
        171.15,
        96.80999999999999
      ]
    },
    "M1": {
      "pos": [
        15.75,
        96.80999999999999
      ]
    },
    "M2": {
      "pos": [
        15.75,
        102.14399999999998
      ]
    },
    "M15": {
      "pos": [
        171.15,
        102.14399999999998
      ]
    },
    "M16": {
      "pos": [
        171.15,
        107.47800000000002
      ]
    },
    "N14": {
      "pos": [
        111.67800000000003,
        94.66799999999996
      ]
    },
    "N16": {
      "pos": [
        171.15,
        112.81200000000007
      ]
    },
    "P1": {
      "pos": [
        15.75,
        107.47800000000002
      ]
    },
    "P2": {
      "pos": [
        15.75,
        112.81200000000007
      ]
    },
    "P13": {
      "pos": [
        171.15,
        155.48400000000004
      ]
    },
    "P14": {
      "pos": [
        111.67800000000003,
        98.02799999999996
      ]
    },
    "P15": {
      "pos": [
        171.15,
        118.14599999999999
      ]
    },
    "P16": {
      "pos": [
        171.15,
        123.48000000000003
      ]
    },
    "R1": {
      "pos": [
        15.75,
        118.14599999999999
      ]
    },
    "R14": {
      "pos": [
        171.15,
        144.81599999999997
      ]
    },
    "R15": {
      "pos": [
        171.15,
        128.81400000000008
      ]
    },
    "R16": {
      "pos": [
        171.15,
        134.148
      ]
    },
    "T14": {
      "pos": [
        171.15,
        150.15
      ]
    },
    "T15": {
      "pos": [
        171.15,
        139.48200000000003
      ]
    }
  },
  "powersignals": [
    "+5V",
    "GND",
    "+3V3"
  ]
}