{
  "dimentions": {
    "start_x": 60.337354,
    "start_y": 95.95,
    "end_x": 254.25,
    "end_y": 168.25,
    "width": 193.912646,
    "height": 72.3,
    "center_x": 96.956323,
    "center_y": 36.15
  },
  "pins": {
    "GND": {
      "pos": [
        466.17088363999994,
        103.075
      ]
    },
    "A2": {
      "pos": [
        344.78108363999996,
        39.27699999999999
      ]
    },
    "A3": {
      "pos": [
        355.80468363999995,
        39.27699999999999
      ]
    },
    "A8": {
      "pos": [
        405.41088363999995,
        39.27699999999999
      ]
    },
    "B1": {
      "pos": [
        339.2692836399999,
        39.27699999999999
      ]
    },
    "B2": {
      "pos": [
        350.2928836399999,
        39.27699999999999
      ]
    },
    "C1": {
      "pos": [
        339.22588363999995,
        50.12699999999999
      ]
    },
    "C2": {
      "pos": [
        339.22588363999995,
        55.63879999999997
      ]
    },
    "C4": {
      "pos": [
        402.15588363999996,
        94.39499999999994
      ]
    },
    "C14": {
      "pos": [
        436.87588364,
        94.39499999999994
      ]
    },
    "D1": {
      "pos": [
        339.22588363999995,
        61.15060000000001
      ]
    },
    "D14": {
      "pos": [
        436.87588364,
        97.86699999999999
      ]
    },
    "E1": {
      "pos": [
        339.22588363999995,
        66.66239999999999
      ]
    },
    "E2": {
      "pos": [
        339.22588363999995,
        72.17419999999998
      ]
    },
    "E14": {
      "pos": [
        436.87588364,
        101.33899999999997
      ]
    },
    "E15": {
      "pos": [
        499.80588364,
        66.66239999999999
      ]
    },
    "F1": {
      "pos": [
        339.22588363999995,
        77.68599999999996
      ]
    },
    "F2": {
      "pos": [
        339.22588363999995,
        83.1978
      ]
    },
    "F15": {
      "pos": [
        499.80588364,
        77.68599999999996
      ]
    },
    "F16": {
      "pos": [
        499.80588364,
        83.1978
      ]
    },
    "G2": {
      "pos": [
        339.22588363999995,
        94.22139999999997
      ]
    },
    "G15": {
      "pos": [
        499.80588364,
        88.70959999999998
      ]
    },
    "G16": {
      "pos": [
        499.80588364,
        94.22139999999997
      ]
    },
    "J1": {
      "pos": [
        339.22588363999995,
        105.24499999999999
      ]
    },
    "J2": {
      "pos": [
        339.22588363999995,
        110.75679999999998
      ]
    },
    "J15": {
      "pos": [
        499.80588364,
        105.24499999999999
      ]
    },
    "J16": {
      "pos": [
        499.80588364,
        110.75679999999998
      ]
    },
    "K1": {
      "pos": [
        339.22588363999995,
        116.26859999999996
      ]
    },
    "K2": {
      "pos": [
        339.22588363999995,
        121.7804
      ]
    },
    "K15": {
      "pos": [
        499.80588364,
        116.26859999999996
      ]
    },
    "L2": {
      "pos": [
        339.22588363999995,
        127.2922
      ]
    },
    "L15": {
      "pos": [
        499.80588364,
        127.2922
      ]
    },
    "L16": {
      "pos": [
        499.80588364,
        132.80399999999997
      ]
    },
    "M1": {
      "pos": [
        339.22588363999995,
        132.80399999999997
      ]
    },
    "M2": {
      "pos": [
        339.22588363999995,
        138.31579999999997
      ]
    },
    "M15": {
      "pos": [
        499.80588364,
        138.31579999999997
      ]
    },
    "M16": {
      "pos": [
        499.80588364,
        143.8276
      ]
    },
    "N14": {
      "pos": [
        436.87588364,
        129.11499999999992
      ]
    },
    "N16": {
      "pos": [
        499.80588364,
        149.33940000000004
      ]
    },
    "P1": {
      "pos": [
        339.22588363999995,
        143.8276
      ]
    },
    "P2": {
      "pos": [
        339.22588363999995,
        149.33940000000004
      ]
    },
    "P13": {
      "pos": [
        499.80588364,
        193.43380000000002
      ]
    },
    "P14": {
      "pos": [
        436.87588364,
        132.587
      ]
    },
    "P15": {
      "pos": [
        499.80588364,
        154.85119999999995
      ]
    },
    "P16": {
      "pos": [
        499.80588364,
        160.363
      ]
    },
    "R1": {
      "pos": [
        339.22588363999995,
        154.85119999999995
      ]
    },
    "R14": {
      "pos": [
        499.80588364,
        182.41019999999995
      ]
    },
    "R15": {
      "pos": [
        499.80588364,
        165.87480000000005
      ]
    },
    "R16": {
      "pos": [
        499.80588364,
        171.38659999999996
      ]
    },
    "T14": {
      "pos": [
        499.80588364,
        187.92199999999997
      ]
    },
    "T15": {
      "pos": [
        499.80588364,
        176.8984
      ]
    }
  },
  "node_type": "ECP5-256",
  "powersignals": [
    "+3V3",
    "+5V",
    "GND"
  ]
}