{
  "dimentions": {
    "start_x": 115.5,
    "start_y": 65.5,
    "end_x": 128.5,
    "end_y": 88.0,
    "width": 13.0,
    "height": 22.5,
    "center_x": 6.5,
    "center_y": 11.25
  },
  "pins": {
    "bit": {
      "pos": [
        14.195999999999982,
        92.52600000000001
      ]
    }
  }
}