{
  "dimentions": {
    "start_x": 148.0,
    "start_y": 82.5,
    "end_x": 171.5,
    "end_y": 107.0,
    "width": 23.5,
    "height": 24.5,
    "center_x": 11.75,
    "center_y": 12.25
  },
  "pins": {
    "mosi": {
      "pos": [
        51.90639999999991,
        9.46120000000003
      ]
    },
    "sclk": {
      "pos": [
        40.882799999999946,
        9.46120000000003
      ]
    },
    "sel": {
      "pos": [
        29.85919999999998,
        9.46120000000003
      ]
    },
    "miso": {
      "pos": [
        18.66200000000005,
        97.64999999999999
      ]
    }
  },
  "node_type": null,
  "powersignals": [
    "+3V3",
    "GND"
  ]
}