{
  "dimentions": {
    "start_x": 148.0,
    "start_y": 82.5,
    "end_x": 171.5,
    "end_y": 107.0,
    "width": 23.5,
    "height": 24.5,
    "center_x": 11.75,
    "center_y": 12.25
  },
  "pins": {
    "mosi": {
      "pos": [
        53.802000000000014,
        5.586000000000053
      ]
    },
    "sclk": {
      "pos": [
        43.13399999999992,
        5.586000000000053
      ]
    },
    "sel": {
      "pos": [
        32.46599999999996,
        5.586000000000053
      ]
    },
    "miso": {
      "pos": [
        14.490000000000073,
        98.06999999999998
      ]
    }
  },
  "powersignals": [
    "+3V3",
    "GND"
  ]
}