{
  "dimentions": {
    "start_x": 148.0,
    "start_y": 82.5,
    "end_x": 171.5,
    "end_y": 107.0,
    "width": 23.5,
    "height": 24.5,
    "center_x": 11.75,
    "center_y": 12.25
  },
  "pins": {
    "mosi": {
      "pos": [
        46.66199999999994,
        12.726000000000006
      ]
    },
    "miso": {
      "pos": [
        21.630000000000024,
        90.93000000000002
      ]
    },
    "sclk": {
      "pos": [
        35.99399999999997,
        12.726000000000006
      ]
    },
    "sel": {
      "pos": [
        25.326000000000008,
        12.726000000000006
      ]
    }
  }
}