{
  "dimentions": {
    "start_x": 148.0,
    "start_y": 82.5,
    "end_x": 171.5,
    "end_y": 107.0,
    "width": 23.5,
    "height": 24.5,
    "center_x": 11.75,
    "center_y": 12.25
  },
  "pins": {
    "mosi": {
      "pos": [
        57.64500000000001,
        5.985000000000056
      ]
    },
    "sclk": {
      "pos": [
        46.21499999999992,
        5.985000000000056
      ]
    },
    "sel": {
      "pos": [
        34.784999999999954,
        5.985000000000056
      ]
    },
    "miso": {
      "pos": [
        15.525000000000077,
        105.07499999999997
      ]
    }
  },
  "powersignals": [
    "+3V3",
    "GND"
  ]
}