{
  "dimentions": {
    "start_x": 128.851,
    "start_y": 74.251,
    "end_x": 151.851,
    "end_y": 109.501,
    "width": 23.0,
    "height": 35.25,
    "center_x": 11.5,
    "center_y": 17.625
  },
  "pins": {
    "dir": {
      "pos": [
        43.46999999999998,
        127.36499999999995
      ]
    },
    "en": {
      "pos": [
        54.13799999999995,
        127.36499999999995
      ]
    },
    "pwm": {
      "pos": [
        32.80199999999989,
        127.36499999999995
      ]
    }
  },
  "powersignals": [
    "+5V",
    "GND"
  ]
}