{
  "dimentions": {
    "start_x": 128.851,
    "start_y": 74.251,
    "end_x": 151.851,
    "end_y": 109.501,
    "width": 23.0,
    "height": 35.25,
    "center_x": 11.5,
    "center_y": 17.625
  },
  "pins": {
    "dir": {
      "pos": [
        46.574999999999974,
        136.46249999999995
      ]
    },
    "en": {
      "pos": [
        58.00499999999994,
        136.46249999999995
      ]
    },
    "pwm": {
      "pos": [
        35.14499999999988,
        136.46249999999995
      ]
    }
  },
  "powersignals": [
    "GND",
    "+5V"
  ]
}