{
  "dimentions": {
    "start_x": 138.2,
    "start_y": 74.8575,
    "end_x": 154.4,
    "end_y": 103.4575,
    "width": 16.200000000000017,
    "height": 28.599999999999994,
    "center_x": 8.100000000000009,
    "center_y": 14.299999999999997
  },
  "pins": {
    "tx_enable": {
      "pos": [
        43.38000000000007,
        126.11249999999995
      ]
    },
    "tx": {
      "pos": [
        49.09500000000011,
        126.11249999999995
      ]
    },
    "rx": {
      "pos": [
        54.81000000000003,
        126.11249999999995
      ]
    }
  },
  "powersignals": [
    "GND",
    "F_GND",
    "F_24V",
    "F_5V",
    "+5V"
  ]
}