{
  "dimentions": {
    "start_x": 138.2,
    "start_y": 74.8575,
    "end_x": 154.4,
    "end_y": 103.4575,
    "width": 16.200000000000017,
    "height": 28.599999999999994,
    "center_x": 8.100000000000009,
    "center_y": 14.299999999999997
  },
  "pins": {
    "tx_enable": {
      "pos": [
        40.48800000000006,
        117.70499999999997
      ]
    },
    "tx": {
      "pos": [
        45.82200000000011,
        117.70499999999997
      ]
    },
    "rx": {
      "pos": [
        51.156000000000034,
        117.70499999999997
      ]
    }
  },
  "powersignals": [
    "+5V",
    "GND",
    "F_GND",
    "F_5V",
    "F_24V"
  ]
}