{
  "dimentions": {
    "start_x": 138.2,
    "start_y": 74.8575,
    "end_x": 154.4,
    "end_y": 103.4575,
    "width": 16.200000000000017,
    "height": 28.599999999999994,
    "center_x": 8.100000000000009,
    "center_y": 14.299999999999997
  },
  "pins": {
    "tx_enable": {
      "pos": [
        43.139600000000115,
        117.17999999999999
      ]
    },
    "tx": {
      "pos": [
        48.65140000000003,
        117.17999999999999
      ]
    },
    "rx": {
      "pos": [
        54.163200000000074,
        117.17999999999999
      ]
    }
  },
  "powersignals": [
    "+5V",
    "GND",
    "F_GND",
    "F_5V",
    "F_24V"
  ]
}