{
  "dimentions": {
    "start_x": 138.2,
    "start_y": 74.8575,
    "end_x": 154.4,
    "end_y": 103.4575,
    "width": 16.200000000000017,
    "height": 28.599999999999994,
    "center_x": 8.100000000000009,
    "center_y": 14.299999999999997
  },
  "pins": {
    "rx": {
      "pos": [
        53.67600000000013,
        109.09499999999998
      ]
    },
    "tx": {
      "pos": [
        48.342000000000084,
        109.09499999999998
      ]
    },
    "tx_enable": {
      "pos": [
        43.00800000000004,
        109.09499999999998
      ]
    }
  },
  "powersignals": [
    "F_5V",
    "+5V",
    "F_24V",
    "F_GND",
    "GND"
  ]
}