{
  "dimentions": {
    "start_x": 115.6,
    "start_y": 65.5,
    "end_x": 128.4,
    "end_y": 82.6,
    "width": 12.800000000000011,
    "height": 17.099999999999994,
    "center_x": 6.400000000000006,
    "center_y": 8.549999999999997
  },
  "pins": {
    "bit": {
      "pos": [
        50.45250000000006,
        62.93
      ]
    }
  },
  "node_type": null,
  "powersignals": []
}